Dainty's Blue Slush 10ml-6mg,48,DAPGBS06
R Dainty's Premium Apple &amp; Mango 10ml-6mg,40,DAPGAM06
Psycho Bunny Nicotine Shot PG Base,40,PSDIYPG18
R Dainty's Premium RY4 Tobacco 10ml-6mg,36,DAPGRY06
Dainty's Aniseed 10ml-3mg,36,DAPGAN03
Psycho Bunny Nicotine Shot VG Base,33,PSDIYVG18
Dripping Range Heizen Blue Flavour MAX VG 50ml-50ml 0mg,24,DRVGHB0
Dainty's Apple &amp; Mango Flavour MAX VG 50ml-60ml 3mg inc PG Nicshot,23,DAPGAM60PG3
Dainty's Special Menthol 10ml-3mg,20,DAPGSM03
Dainty's Special Menthol 10ml-6mg,20,DAPGSM06
Psycho Bunny Double Ice Nicotine Shot,18,PSDIYDICE18
Dainty's Cherry Lemonade Flavour MAX VG 50ml-50ml 0mg,16,DAVGCL00
Psycho Bunny Ice Nicotine Shot,16,PSDIYICE18
Dainty's Black Jack 10ml-6mg,15,DAPGBJ06
Dainty's Heisenberg 10ml-18mg,15,DAPGHB18
Rincoe Ceto Replacement Pod-Pod system,15,HWTARICE1
Dainty's Bubblegum 10ml-6mg,15,DAPGBU06
Dripping Range Green Slush V2 Flavour 50/50-6mg,14,DRGREENSLUSH5050-6mg
Dripping Range Unicorn Blood Flavour 50/50-6mg,13,DRUNICORN5050-6mg
Dainty's Apple &amp; Mango Flavour MAX VG 50ml-60ml 3mg inc VG Nicshot,12,DAVGAM60VG3
Eco Vape Premium Blackcurrant Menthol V2 Flavour-3mg,12,PRPGBM3
Eco Vape Premium Menthol Flavour-3mg,12,PRPGMT3
R Dainty's Premium Strawberry 10ml-6mg,11,DAPGST06
Dainty's Fresh Orange 10ml-18mg,11,DAPGFO18
Dripping Range Vampire Astaire Flavour 50/50-12mg,11,DRVAMPIR5050-12mg
Eco Vape Premium Gold Tobacco V2 Flavour-6mg,11,PRPGGO6
R Dainty's Premium Pink Lemonade 10ml-18mg,10,DAPGPL18
Dainty's Cherry Menthol Flavour MAX VG 50ml-50ml 0mg,10,DAVGCM00
Dainty's Cherry Menthol 10ml-3mg,10,DAPGCM03
Dainty's Premium Blueberry Blackcurrant Menthol 50/50 80ML-80ml 0mg,9,DAPGBBM0
Dainty's Premium Grape &amp; Blackcurrant 50/50 80ML-80ml 0mg,9,DAPGGB0
Dainty's Raspberry 10ml-3mg,9,DAPGRS03
R Dainty's Premium Red Air 10ml-18mg,8,DAPGRA18
Dripping Range Wolves Juice Flavour 50/50-3mg,8,DRWOLVES5050-3mg
Eco Vape Premium Strawberry &amp; Watermelon V2 Flavour-3mg,8,PRPGSW3
Dainty's Raspberry Sherbet 50ml-50ml 0mg,8,DAVGRS00
R Dainty's Premium Banana 10ml-6mg,8,DAPGBA06
Dainty's Apple &amp; Mango Flavour MAX VG 50ml-50ml 0mg,8,DAVGAM00
Dainty's Fresh Orange 10ml-12mg,8,DAPGFO12
Dripping Range Zombie Astaire Flavour 50/50-12mg,8,DRPGZO12
Dripping Range Blue Slush Flavour 50/50-6mg,8,DRPGBS6
Award Winning Eco Vape Strawberry Milkshake V2 Flavour MAX VG 50ml-60ml 3mg inc VG Nicshot,8,EVSTRAWMILKMAXVG50ML-60ml 3mg inc VG Nicshot
R Dainty's Premium Strawberry 10ml-3mg,7,DAPGST03
Dainty's Premium Ice Mint 50/50 80ML-80ml 0mg,7,DAPGIM0
Dainty's Blue Slush 10ml-12mg,7,DAPGBS12
Eco Vape Milfman V2 Milkshake Flavour MAX VG 50ml-60ml 3mg inc VG Nicshot,7,MILFMANMAXVG50ML-60ml 3mg inc VG Nicshot
Dainty's Blueberry Pancake 50ml-50ml 0mg,7,DAVGBP00
R Dainty's Premium Orange 10ml-3mg,6,DAPGOR03
R Dainty's Premium Fruit Salad 10ml-3mg,6,DAPGFS03
Dainty's Premium RY4 Caramel Vanilla Tobacco 50/50 80ML-80ml 0mg,6,DAPGRY0
R Dainty's Premium Fruit Salad 10ml-12mg,6,DAPGFS12
Eco Vape Premium Sweet Cherry V2 Flavour-12mg,6,PRPGSC12
Dainty's Bubblegum Blast 50ml-50ml 0mg,6,DAVGBB00
Dainty's Premium Pink Lemonade 50/50 80ML-100ml 3.6mg inc PG Nicshot,6,DAPGPL10036PG
Dainty's Heizenberg Flavour MAX VG 50ml-60ml 3mg inc PG Nicshot,6,DAPGHE60PG3
Dainty's Premium Grape &amp; Blackcurrant 50/50 80ML-90ml 2mg inc VG Nicshot,6,DAPGGB902VG
Dainty's Strawberry Cheesecake Flavour MAX VG 50ml-60ml 3mg inc VG Nicshot,6,DAVGSC60VG3
Dainty's Premium Heizenberg 50/50 80ML-100ml 3.6mg inc VG Nicshot,6,DAPGHB10036VG
Dripping Range Zombie Astaire Flavour 50/50-6mg,6,DRPGZO6
Dainty's Premium Red Air 50/50 80ML-100ml 3.6mg inc VG Nicshot,6,DAPGRA10036VG
Dainty's Blue Slush 10ml-3mg,6,DAPGBS03
Dainty's Heizenberg Flavour MAX VG 50ml-60ml 3mg inc VG Nicshot,6,DAVGHE60VG3
Dainty's Cherry Lemonade Flavour MAX VG 50ml-60ml 3mg inc VG Nicshot,6,DAVGCL60VG3
Dripping Range Blue Slush MAX VG 50ml-60ml 3mg inc PG Nicshot,6,DRBLUESLUSH50MAXVG-60ml 3mg inc PG Nicshot
Eco Vape Premium Gold Tobacco V2 Flavour-18mg,6,PRPGGO18
Dainty's Premium Pink Lemonade 50/50 80ML-80ml 0mg,6,DAPGPL0
Eco Vape Premium Spearmint V2 Flavour-18mg,6,PRPGSP18
R Dainty's Premium Blackcurrant Menthol-12mg,6,DAPGBM12
Dainty's Cola Cube 10ml-3mg,6,DAPGCU03
Award Winning Eco Vape Milfsmilk V2 Flavour MAX VG 50ml-50ml 0mg,6,MILFSMILKMAXVG50ML-50ml 0mg
Dainty's Premium Red Air 70/30 50ML-50ml 0mg,6,DAVGRA00
R Dainty's Premium Cherry 10ml-6mg,5,DAPGCH06
Dainty's Nic Salts RY4 10ml-12mg,5,NSDAPGRY12
Dainty's Cherry Menthol Flavour MAX VG 50ml-60ml 3mg inc VG Nicshot,5,DAVGCM60VG3
R Dainty's Premium Pink Lemonade 10ml-3mg,5,DAPGPL03
R Dainty's Premium Grape &amp; Blackcurrant 10ml-6mg,5,DAPGGB06
Dainty's Special Menthol Flavours MAX VG 50ml-60ml 3mg inc PG Nicshot,5,DAPGSM60PG3
Dainty's Heizenberg Flavour MAX VG 50ml-50ml 0mg,5,DAVGHE00
Award Winning Eco Vape Milfsmilk V2 Flavour MAX VG 50ml-60ml 3mg inc VG Nicshot,5,MILFSMILKMAXVG50ML-60ml 3mg inc VG Nicshot
R Dainty's Premium Coffee 10ml-3mg,5,DAPGCO03
Dainty's Apple 10ml-3mg,5,DAPGAP03
Psycho Bunny Syrup Shot,4,PSDIYSY00
Dainty's Apple Pie Flavours MAX VG 50ml-50ml 0mg,4,DAVGAPG00
R Dainty's Premium Ice Mint 10ml-12mg,4,DAPGIM12
Dainty's Cookie 10ml-3mg,4,DAPGCK03
Dainty's Raspberry 10ml-0mg,4,DAPGRS00
Dainty's Apple 10ml-6mg,4,DAPGAP06
Vaptio Paragon Coils-Vaptio Paragon Strip Coil (0.15Ω),4,HWCOVAPAR15
Dainty's Premium Foam Banana 50/50 80ML-80ml 0mg,4,DAPGFB0
Dainty's Lemon Cola Flavour MAX VG 50ml-50ml 0mg,4,DAVGLC00
Dainty's Premium Blueberry Blackcurrant Menthol 50/50 80ML-100ml 3.6mg inc VG Nicshot,4,DAPGBBM10036VG
R Dainty's Premium Coffee 10ml-6mg,4,DAPGCO06
R Dainty's Premium Blackcurrant 10ml-3mg,4,DAPGBL03
R Dainty's Premium Orange 10ml-0mg,4,DAPGOR00
R Dainty's Premium Tutti Fruity 10ml-6mg,4,DAPGTF06
Dainty's Premium Ice Mint 50/50 80ML-100ml 3.6mg inc PG Nicshot,4,DAPGIM10036PG
Dainty's Nic Salts Cherry Lemonade 10ml-3mg,4,NSDAPGCL03
Dainty's Premium Blueberry Blackcurrant Menthol 50/50 80ML-90ml 2mg inc PG Nicshot,4,DAPGBBM902PG
Dripping Range Blackcurrant Lime Soda MAX VG 50ml-60ml 3mg inc VG Nicshot,4,DRVGBLS03VG
R Dainty's Premium Ice Mint 10ml-3mg,4,DAPGIM03
Dainty's Aniseed 10ml-6mg,4,DAPGAN06
Dainty's Premium Menthol 50/50 80ML-80ml 0mg,4,DAPGMT0
Dainty's Premium Heizenberg 50/50 80ML-90ml 2mg inc PG Nicshot,4,DAPGHB902PG
Dainty's Premium Heizenberg 50/50 80ML-90ml 2mg inc VG Nicshot,4,DAPGHB902VG
Dainty's Premium Pink Lemonade 50/50 80ML-100ml 3.6mg inc VG Nicshot,4,DAPGPL10036VG
Dainty's Cola Cube 10ml-6mg,4,DAPGCU06
Dainty's Premium Heizenberg 50/50 80ML-100ml 3.6mg inc PG Nicshot,4,DAPGHB10036PG
Dainty's Premium Red Air 50/50 80ML-90ml 2mg inc PG Nicshot,4,DAPGRA902PG
Dainty's Blue Slush 10ml-0mg,4,DAPGBS00
Dainty's Black Jack 10ml-12mg,4,DAPGBJ12
R Dainty's Premium Irish Cream 10ml-6mg,4,DAPGIC06
R Dainty's Premium Melon 10ml-6mg,4,DAPGME06
Eco Vape Premium Pink Lemonade V2 Flavour-18mg,4,PRPGPI18
Dainty's Premium Ice Mint 50/50 80ML-90ml 2mg inc VG Nicshot,3,DAPGIM902VG
Dainty's Premium Pink Lemonade 50/50 80ML-90ml 2mg inc VG Nicshot,3,DAPGPL902VG
R Dainty's Premium Cherry 10ml-3mg,3,DAPGCH03
R Dainty's Premium Cherry Cola 10ml-3mg,3,DAPGCC03
Dripping Range Vampire Astaire Flavour 50/50-18mg,3,DRVAMPIR5050-18mg
R Dainty's Premium Pineapple 10ml-12mg,3,DAPGPI12
Dainty's Strawberry Cheesecake Flavour MAX VG 50ml-50ml 0mg,3,DAVGSC00
Dainty's Premium Blueberry Blackcurrant Menthol 50/50 80ML-90ml 2mg inc VG Nicshot,3,DAPGBBM902VG
R Dainty's Premium Coffee 10ml-12mg,3,DAPGCO12
R Dainty's Premium Apple Pie 10ml-12mg,3,DAPGAPI12
Dripping Range Wolves Juice Flavour 50/50-6mg,3,DRWOLVES5050-6mg
Psycho Bunny Prism Flavour MAX VG 50ML-50ml 0mg,3,PSVGPR0
Dainty's Premium Blueberry Blackcurrant Menthol 50/50 80ML-100ml 3.6mg inc PG Nicshot,3,DAPGBBM10036PG
Dainty's Premium Red Air 50/50 80ML-80ml 0mg,3,DAPGRA0
Dainty's Nic Salts Pink Lemonade 10ml-12mg,3,NSDAPGPL12
R Dainty's Premium Pink Lemonade 10ml-0mg,3,DAPGPL00
Dainty's Strawberry Cheesecake 10ml-6mg,3,DAPGSC06
R Dainty's Premium Blueberry 10ml-3mg,3,DAPGBB03
Dainty's Bubblegum 10ml-3mg,3,DAPGBU03
Dainty's Jelly Babies 10ml-3mg,3,DAPGJB03
Dainty's Premium Heizenberg 50/50 80ML-110ml 4.9mg inc VG Nicshot,3,DAPGHB11049VG
Dainty's Heisenberg 10ml-0mg,2,DAPGHB00
Dainty's Vanilla Cream Tobacco 50ml-50ml 0mg,2,DAVGVCT00
SMOKJOY OPS-1 Replacement Pod -D POD,2,HWPOSJDP
Psycho Bunny Twister 50ml -60ml 3mg inc VG Nicshot,2,PSVGTW3VG
R Dainty's Premium Blueberry 10ml-12mg,2,DAPGBB12
R Dainty's Premium Blackcurrant 10ml-12mg,2,DAPGBL12
Psycho Bunny Blue Retro Flavour MAX VG 50ML -60ml 3mg inc VG Nicshot,2,PSVGBL3VG
Dripping Range Blackcurrant Lime Soda MAX VG 50ml-50ml 0mg,2,DRVGBLS0
Dainty's Nic Salts RY4 10ml-6mg,2,NSDAPGRY06
Dainty's Premium Menthol 50/50 80ML-90ml 2mg inc VG Nicshot,2,DAPGMT902VG
Dainty's Premium Menthol 50/50 80ML-110ml 4.9mg inc VG Nicshot,2,DAPGMT11049VG
R Dainty's Premium Apple Pie 10ml-6mg,2,DAPGAPI06
R Dainty's Premium Ice Mint 10ml-6mg,2,DAPGIM06
Dainty's Strawberry Cheesecake 10ml-12mg,2,DAPGSC12
R Dainty's Premium Cherry 10ml-12mg,2,DAPGCH12
Dainty's Premium Blueberry Blackcurrant Menthol 50/50 80ML-110ml 4.9mg inc PG Nicshot,2,DAPGBBM11049PG
Dainty's Premium Vanilla Ice Cream 50/50 80ML-80ml 0mg,2,DAPGVBI0
R Dainty's Premium Cola 10ml-6mg,2,DAPGC06
Dripping Range Heizen Blue Flavour MAX VG 50ml-60ml 3mg inc VG Nicshot,2,DRVGHBVG3
Dripping Range Liquid Do-Nuts Raspberry V2 Flavour 50/50-6mg,2,DRDONUTRASP5050-6mg
Dainty's Heisenberg 10ml-6mg,2,DAPGHB06
Dainty's Premium Blueberry Blackcurrant Menthol 50/50 80ML-110ml 4.9mg inc VG Nicshot,2,DAPGBBM11049VG
R Dainty's Premium Tutti Fruity 10ml-3mg,2,DAPGTF03
R Dainty's Premium Grape &amp; Blackcurrant 10ml-12mg,2,DAPGGB12
Dainty's Nic Salts Cherry Lemonade 10ml-6mg,2,NSDAPGCL06
Dainty's Premium Menthol 50/50 80ML-100ml 3.6mg inc PG Nicshot,2,DAPGMT10036PG
Dainty's Premium RY4 Caramel Vanilla Tobacco 50/50 80ML-100ml 3.6mg inc PG Nicshot,2,DAPGRY10036PG
Dainty's Jelly Babies 10ml-12mg,2,DAPGJB12
Dainty's Apple 10ml-0mg,2,DAPGAP00
Eco Vape Premium Rhubarb &amp; Custard Flavour-6mg,2,PRPGRH6
Eco Vape Premium Blackcurrant V2 Flavour-3mg,2,PRPGBL3
Dripping Range Pinkberg Flavour 50/50-6mg,2,DRPINKBERG5050-6mg
R Dainty's Premium Menthol 10ml-12mg,2,DAPGMT12
R Dainty's Premium Banana 10ml-12mg,2,DAPGBA12
Dainty's Raspberry 10ml-6mg,2,DAPGRS06
Dainty's Premium Grape &amp; Blackcurrant 50/50 80ML-100ml 3.6mg inc VG Nicshot,2,DAPGGB10036VG
Dainty's Premium Pink Lemonade 50/50 80ML-110ml 4.9mg inc PG Nicshot,2,DAPGPL11049PG
R Dainty's Premium Melon 10ml-12mg,2,DAPGME12
R Dainty's Premium Foam Banana 10ml-3mg,2,DAPGFB03
Samsung  30Q INR18650 3000mAh Battery,2,HWACSAM30Q
Dainty's Cherry Menthol 10ml-6mg,2,DAPGCM06
Dainty's Premium Ice Mint 50/50 80ML-110ml 4.9mg inc PG Nicshot,1,DAPGIM11049PG
R Dainty's Premium Apple &amp; Mango 10ml-18mg,1,DAPGAM18
R Dainty's Premium Cola 10ml-3mg,1,DAPGC03
Dripping Range Blueberg MAX VG 50ml-60ml 3mg inc PG Nicshot,1,DRVGBL0
Vaptio Solo F2 Coil-Vaptio Solo (Pack of 5) F2 X2 Coil (0.25Ω),1,HWCOVAF2X2
Psycho Bunny Kush Cake Flavour MAX VG 50ML -60ml 3mg inc PG Nicshot,1,PSVGKC3PG
R Dainty's Premium Red Air 10ml-12mg,1,DAPGRA12
R Dainty's Premium Coffee 10ml-18mg,1,DAPGCO18
Dainty's Aniseed 10ml-12mg,1,DAPGAN12
Eco Vape Premium Peach V2 Flavour-18mg,1,PRPGPE18
Dripping Range Dragon Blood Flavour 50/50-6mg,1,DRDRAGBLOOD5050-6mg
Dainty's Nic Salts Grape and Blackcurrant 10ml-6mg,1,NSDAPGGB06
R Dainty's Premium Iron Brew 10ml-6mg,1,DAPGIB06
Dainty's Nic Salts Bubblegum Blast 10ml-18mg,1,NSDAPGBU18
Dainty's Premium Grape &amp; Blackcurrant 50/50 80ML-100ml 3.6mg inc PG Nicshot,1,DAPGGB10036PG
R Dainty's Premium Cherry Cola 10ml-12mg,1,DAPGCC12
Dainty's Premium Red Air 50/50 80ML-100ml 3.6mg inc PG Nicshot,1,DAPGRA10036PG
R Dainty's Premium Key Lime Pie 10ml-12mg,1,DAPGKP12
Dainty's Premium Grape &amp; Blackcurrant 50/50 80ML-110ml 4.9mg inc PG Nicshot,1,DAPGGB11049PG
Dainty's Bubblegum 10ml-18mg,1,DAPGBU18
R Dainty's Premium Foam Banana 10ml-12mg,1,DAPGFB12
Psycho Bunny Prism Flavour MAX VG 50ML-60ml 3mg inc PG Nicshot,1,PSVGPR3PG
Dainty's Lemon Cola Flavour MAX VG 50ml-60ml 3mg inc PG Nicshot,1,DAPGLC60PG3
Eco Vape Premium Strawberry V2 Flavour-3mg,1,PRPGST3
Dainty's Nic Salts Apple &amp; Mango 10ml-12mg,1,NSDAPGAM12
Dainty's Special Menthol Flavours MAX VG 50ml-60ml 3mg inc VG Nicshot,1,DAVGSM60VG3
Dainty's Premium RY4 Caramel Vanilla Tobacco 50/50 80ML-110ml 4.9mg inc VG Nicshot,1,DAPGRY11049VG
Dainty's Raspberry 10ml-12mg,1,DAPGRS12
Eco Vape Premium Apple &amp; Mango V2 Flavour-18mg,1,PRPGAP18
Dainty's Apple 10ml-12mg,1,DAPGAP12
R Dainty's Premium Blueberry 10ml-6mg,1,DAPGBB06
Dainty's Black Jack 10ml-0mg,1,DAPGBJ00
Dripping Range Blueberg MAX VG 50ml-60ml 3mg inc VG Nicshot,1,DRPGBL60PG3
Psycho Bunny Grapegasm Flavour MAX VG 50ML -60ml 3mg inc VG Nicshot,1,PSVGGR3VG
Eco Vape Premium Fruit Salad V2 Flavour-12mg,1,PRPGFR12
Dainty's Heisenberg 10ml-3mg,1,DAPGHB03
R Dainty's Premium Iron Brew 10ml-3mg,1,DAPGIB03
Award Winning Eco Vape Milfsmilk V2 Flavour MAX VG 50ml-60ml 3mg inc PG Nicshot,1,MILFSMILKMAXVG50ML-60ml 3mg inc PG Nicshot
Dainty's Premium Foam Banana 50/50 80ML-90ml 2mg inc PG Nicshot,1,DAPGFB902PG
Eco Vape Premium Fruit Salad V2 Flavour-18mg,1,PRPGFR18
Dainty's Cherry Menthol Flavour MAX VG 50ml-60ml 3mg inc PG Nicshot,1,DAPGCM60PG3
Dainty's Premium Vanilla Ice Cream 50/50 80ML-90ml 2mg inc VG Nicshot,1,DAPGVBI902VG
Dainty's Nic Salts Tobacco 10ml-6mg,1,NSDAPGTO06
Dripping Range Blue Slush MAX VG 50ml-60ml 3mg inc VG Nicshot,1,DRBLUESLUSH50MAXVG-60ml 3mg inc VG Nicshot
Eco Vape Banana Milkshake V2 Flavour MAX VG 50ml-60ml 3mg inc VG Nicshot,1,BANMILKV2MAXVG50ML-60ml 3mg inc VG Nicshot
R Dainty's Premium Pineapple 10ml-6mg,1,DAPGPI06
Dainty's Jelly Babies 10ml-6mg,1,DAPGJB06
R Dainty's Premium Banana 10ml-18mg,1,DAPGBA18
R Dainty's Premium Strawberry 10ml-12mg,1,DAPGST12
Dainty's Cherry Lemonade Flavour MAX VG 50ml-60ml 3mg inc PG Nicshot,1,DAPGCL60PG3
Psycho Bunny Prism Flavour MAX VG 50ML-60ml 3mg inc VG Nicshot,1,PSVGPR3VG
Dainty's Nic Salts Cherry Lemonade 10ml-12mg,1,NSDAPGCL12
Vaptio Solo F2 AIO-Blue,1,HWKIVAF2BLU
Eco Vape Premium Rhubarb &amp; Custard Flavour-18mg,1,PRPGRH18
R Dainty's Premium Mint Chocolate 10ml-12mg,1,DAPGMC12
Psycho Bunny Yellow Mirage Flavour MAX VG 50ML-60ml 3mg inc PG Nicshot,1,PSVGYE3PG
Dainty's Banana Cake Flavour MAX VG 50ml-60ml 3mg inc VG Nicshot,1,DAVGBC60VG3
Dainty's Apple Pie Flavours MAX VG 50ml-60ml 3mg inc VG Nicshot,1,DAVGAP60VG3
Dainty's Nic Salts Bubblegum Blast 10ml-6mg,1,NSDAPGBU06
Vaptio Solo-Flat Replacement Pod Cartridge -Solo-Flat Pod (1.0Ω),1,HWPOVASF1
Eco Vape Premium Cherry Menthol V2 Flavour-3mg,1,PRPGCM3
Dainty's Nic Salts Blueberry and Blackcurrant Menthol 10ml-18mg,1,NSDAPGBBM18
Vaptio Frogman Tank-Black,1,FROGMANTANK-Black
R Dainty's Premium Key Lime Pie 10ml-6mg,1,DAPGKP06
Psycho Bunny Melonade Flavour MAX VG 50ML-60ml 3mg inc VG Nicshot,1,PSVGME3VG
Dainty's Premium Ice Mint 50/50 80ML-100ml 3.6mg inc VG Nicshot,1,DAPGIM10036VG
R Dainty's Premium Blackcurrant Menthol-6mg,1,DAPGBM06
Psycho Bunny Cappuccino Flavour MAX VG 50ML -50ml 0mg,1,PSVGCA0
R Dainty's Premium Irish Cream 10ml-12mg,1,DAPGIC12
Eco Vape Premium Ice Mint Flavour-3mg,1,PRPGIC3
Dainty's Premium Foam Banana 50/50 80ML-100ml 3.6mg inc VG Nicshot,1,DAPGFB10036VG
Psycho Bunny Super Sweet Shot,1,PSDIYSU00
R Dainty's Premium Vanilla Ice Cream 10ml-6mg,1,DAPGVBI06
Dainty's Strawberry Cheesecake Flavour MAX VG 50ml-60ml 3mg inc PG Nicshot,1,DAVGSC60PG3
R Dainty's Premium Pink Lemonade 10ml-12mg,1,DAPGPL12
R Dainty's Premium Cola 10ml-12mg,1,DAPGC12
R Dainty's Premium Apple &amp; Mango 10ml-12mg,1,DAPGAM12
R Dainty's Premium Tutti Fruity 10ml-12mg,1,DAPGTF12
