Dainty's Blue Slush 10ml-6mg,6mg,DAPGBS06,48
R Dainty's Premium Apple & Mango 10ml-6mg,6mg,DAPGAM06,40
Psycho Bunny Nicotine Shot PG Base,18mg,PSDIYPG18,40
Dainty's Aniseed 10ml-3mg,3mg,DAPGAN03,36
R Dainty's Premium RY4 Tobacco 10ml-6mg,6mg,DAPGRY06,36
Psycho Bunny Nicotine Shot VG Base,18mg,PSDIYVG18,33
Dripping Range Heizen Blue Flavour MAX VG 50ml-50ml 0mg,0mg,DRVGHB0,24
Dainty's Apple & Mango Flavour MAX VG 50ml-60ml 3mg inc PG Nicshot,0mg,DAPGAM60PG3,23
Dainty's Special Menthol 10ml-3mg,3mg,DAPGSM03,20
Dainty's Special Menthol 10ml-6mg,6mg,DAPGSM06,20
Psycho Bunny Double Ice Nicotine Shot,18mg,PSDIYDICE18,18
Dainty's Cherry Lemonade Flavour MAX VG 50ml-50ml 0mg,0mg,DAVGCL00,16
Psycho Bunny Ice Nicotine Shot,18mg,PSDIYICE18,16
Dainty's Black Jack 10ml-6mg,6mg,DAPGBJ06,15
Dainty's Bubblegum 10ml-6mg,6mg,DAPGBU06,15
Dainty's Heisenberg 10ml-18mg,18mg,DAPGHB18,15
Rincoe Ceto Replacement Pod-Pod system,0mg,HWTARICE1,15
Dripping Range Green Slush V2 Flavour 50/50-6mg,6mg,DRGREENSLUSH5050-6mg,14
Dripping Range Unicorn Blood Flavour 50/50-6mg,6mg,DRUNICORN5050-6mg,13
Dainty's Apple & Mango Flavour MAX VG 50ml-60ml 3mg inc VG Nicshot,0mg,DAVGAM60VG3,12
Eco Vape Premium Blackcurrant Menthol V2 Flavour-3mg,3mg,PRPGBM3,12
Eco Vape Premium Menthol Flavour-3mg,3mg,PRPGMT3,12
Dainty's Fresh Orange 10ml-18mg,18mg,DAPGFO18,11
R Dainty's Premium Strawberry 10ml-6mg,6mg,DAPGST06,11
Dripping Range Vampire Astaire Flavour 50/50-12mg,12mg,DRVAMPIR5050-12mg,11
Eco Vape Premium Gold Tobacco V2 Flavour-6mg,6mg,PRPGGO6,11
Dainty's Cherry Menthol 10ml-3mg,3mg,DAPGCM03,10
R Dainty's Premium Pink Lemonade 10ml-18mg,18mg,DAPGPL18,10
Dainty's Cherry Menthol Flavour MAX VG 50ml-50ml 0mg,0mg,DAVGCM00,10
Dainty's Premium Blueberry Blackcurrant Menthol 50/50 80ML-80ml 0mg,0mg,DAPGBBM0,9
Dainty's Premium Grape & Blackcurrant 50/50 80ML-80ml 0mg,0mg,DAPGGB0,9
Dainty's Raspberry 10ml-3mg,3mg,DAPGRS03,9
R Dainty's Premium Banana 10ml-6mg,6mg,DAPGBA06,8
Dainty's Fresh Orange 10ml-12mg,12mg,DAPGFO12,8
R Dainty's Premium Red Air 10ml-18mg,18mg,DAPGRA18,8
Dainty's Apple & Mango Flavour MAX VG 50ml-50ml 0mg,0mg,DAVGAM00,8
Dainty's Raspberry Sherbet 50ml-50ml 0mg,0mg,DAVGRS00,8
Dripping Range Blue Slush Flavour 50/50-6mg,6mg,DRPGBS6,8
Dripping Range Zombie Astaire Flavour 50/50-12mg,12mg,DRPGZO12,8
Dripping Range Wolves Juice Flavour 50/50-3mg,3mg,DRWOLVES5050-3mg,8
Award Winning Eco Vape Strawberry Milkshake V2 Flavour MAX VG 50ml-60ml 3mg inc VG Nicshot,0mg,EVSTRAWMILKMAXVG50ML-60ml 3mg inc VG Nicshot,8
Eco Vape Premium Strawberry & Watermelon V2 Flavour-3mg,3mg,PRPGSW3,8
Dainty's Blue Slush 10ml-12mg,12mg,DAPGBS12,7
Dainty's Premium Ice Mint 50/50 80ML-80ml 0mg,0mg,DAPGIM0,7
R Dainty's Premium Strawberry 10ml-3mg,3mg,DAPGST03,7
Dainty's Blueberry Pancake 50ml-50ml 0mg,0mg,DAVGBP00,7
Eco Vape Milfman V2 Milkshake Flavour MAX VG 50ml-60ml 3mg inc VG Nicshot,0mg,MILFMANMAXVG50ML-60ml 3mg inc VG Nicshot,7
R Dainty's Premium Blackcurrant Menthol-12mg,12mg,DAPGBM12,6
Dainty's Blue Slush 10ml-3mg,3mg,DAPGBS03,6
Dainty's Cola Cube 10ml-3mg,3mg,DAPGCU03,6
R Dainty's Premium Fruit Salad 10ml-3mg,3mg,DAPGFS03,6
R Dainty's Premium Fruit Salad 10ml-12mg,12mg,DAPGFS12,6
Dainty's Premium Grape & Blackcurrant 50/50 80ML-90ml 2mg inc VG Nicshot,0mg,DAPGGB902VG,6
Dainty's Premium Heizenberg 50/50 80ML-100ml 3.6mg inc VG Nicshot,0mg,DAPGHB10036VG,6
Dainty's Heizenberg Flavour MAX VG 50ml-60ml 3mg inc PG Nicshot,0mg,DAPGHE60PG3,6
R Dainty's Premium Orange 10ml-3mg,3mg,DAPGOR03,6
Dainty's Premium Pink Lemonade 50/50 80ML-80ml 0mg,0mg,DAPGPL0,6
Dainty's Premium Pink Lemonade 50/50 80ML-100ml 3.6mg inc PG Nicshot,0mg,DAPGPL10036PG,6
Dainty's Premium Red Air 50/50 80ML-100ml 3.6mg inc VG Nicshot,0mg,DAPGRA10036VG,6
Dainty's Premium RY4 Caramel Vanilla Tobacco 50/50 80ML-80ml 0mg,0mg,DAPGRY0,6
Dainty's Bubblegum Blast 50ml-50ml 0mg,0mg,DAVGBB00,6
Dainty's Cherry Lemonade Flavour MAX VG 50ml-60ml 3mg inc VG Nicshot,0mg,DAVGCL60VG3,6
Dainty's Heizenberg Flavour MAX VG 50ml-60ml 3mg inc VG Nicshot,0mg,DAVGHE60VG3,6
Dainty's Premium Red Air 70/30 50ML-50ml 0mg,0mg,DAVGRA00,6
Dainty's Strawberry Cheesecake Flavour MAX VG 50ml-60ml 3mg inc VG Nicshot,0mg,DAVGSC60VG3,6
Dripping Range Blue Slush MAX VG 50ml-60ml 3mg inc PG Nicshot,0mg,DRBLUESLUSH50MAXVG-60ml 3mg inc PG Nicshot,6
Dripping Range Zombie Astaire Flavour 50/50-6mg,6mg,DRPGZO6,6
Award Winning Eco Vape Milfsmilk V2 Flavour MAX VG 50ml-50ml 0mg,0mg,MILFSMILKMAXVG50ML-50ml 0mg,6
Eco Vape Premium Gold Tobacco V2 Flavour-18mg,18mg,PRPGGO18,6
Eco Vape Premium Sweet Cherry V2 Flavour-12mg,12mg,PRPGSC12,6
Eco Vape Premium Spearmint V2 Flavour-18mg,18mg,PRPGSP18,6
Dainty's Apple 10ml-3mg,3mg,DAPGAP03,5
R Dainty's Premium Cherry 10ml-6mg,6mg,DAPGCH06,5
R Dainty's Premium Coffee 10ml-3mg,3mg,DAPGCO03,5
R Dainty's Premium Grape & Blackcurrant 10ml-6mg,6mg,DAPGGB06,5
R Dainty's Premium Pink Lemonade 10ml-3mg,3mg,DAPGPL03,5
Dainty's Special Menthol Flavours MAX VG 50ml-60ml 3mg inc PG Nicshot,0mg,DAPGSM60PG3,5
Dainty's Cherry Menthol Flavour MAX VG 50ml-60ml 3mg inc VG Nicshot,0mg,DAVGCM60VG3,5
Dainty's Heizenberg Flavour MAX VG 50ml-50ml 0mg,0mg,DAVGHE00,5
Award Winning Eco Vape Milfsmilk V2 Flavour MAX VG 50ml-60ml 3mg inc VG Nicshot,0mg,MILFSMILKMAXVG50ML-60ml 3mg inc VG Nicshot,5
Dainty's Nic Salts RY4 10ml-12mg,12mg,NSDAPGRY12,5
Dainty's Aniseed 10ml-6mg,6mg,DAPGAN06,4
Dainty's Apple 10ml-6mg,6mg,DAPGAP06,4
Dainty's Premium Blueberry Blackcurrant Menthol 50/50 80ML-100ml 3.6mg inc VG Nicshot,0mg,DAPGBBM10036VG,4
Dainty's Premium Blueberry Blackcurrant Menthol 50/50 80ML-90ml 2mg inc PG Nicshot,0mg,DAPGBBM902PG,4
Dainty's Black Jack 10ml-12mg,12mg,DAPGBJ12,4
R Dainty's Premium Blackcurrant 10ml-3mg,3mg,DAPGBL03,4
Dainty's Blue Slush 10ml-0mg,0mg,DAPGBS00,4
Dainty's Cookie 10ml-3mg,3mg,DAPGCK03,4
R Dainty's Premium Coffee 10ml-6mg,6mg,DAPGCO06,4
Dainty's Cola Cube 10ml-6mg,6mg,DAPGCU06,4
Dainty's Premium Foam Banana 50/50 80ML-80ml 0mg,0mg,DAPGFB0,4
Dainty's Premium Heizenberg 50/50 80ML-100ml 3.6mg inc PG Nicshot,0mg,DAPGHB10036PG,4
Dainty's Premium Heizenberg 50/50 80ML-90ml 2mg inc PG Nicshot,0mg,DAPGHB902PG,4
Dainty's Premium Heizenberg 50/50 80ML-90ml 2mg inc VG Nicshot,0mg,DAPGHB902VG,4
R Dainty's Premium Irish Cream 10ml-6mg,6mg,DAPGIC06,4
R Dainty's Premium Ice Mint 10ml-3mg,3mg,DAPGIM03,4
Dainty's Premium Ice Mint 50/50 80ML-100ml 3.6mg inc PG Nicshot,0mg,DAPGIM10036PG,4
R Dainty's Premium Ice Mint 10ml-12mg,12mg,DAPGIM12,4
R Dainty's Premium Melon 10ml-6mg,6mg,DAPGME06,4
Dainty's Premium Menthol 50/50 80ML-80ml 0mg,0mg,DAPGMT0,4
R Dainty's Premium Orange 10ml-0mg,0mg,DAPGOR00,4
Dainty's Premium Pink Lemonade 50/50 80ML-100ml 3.6mg inc VG Nicshot,0mg,DAPGPL10036VG,4
Dainty's Premium Red Air 50/50 80ML-90ml 2mg inc PG Nicshot,0mg,DAPGRA902PG,4
Dainty's Raspberry 10ml-0mg,0mg,DAPGRS00,4
R Dainty's Premium Tutti Fruity 10ml-6mg,6mg,DAPGTF06,4
Dainty's Apple Pie Flavours MAX VG 50ml-50ml 0mg,0mg,DAVGAPG00,4
Dainty's Lemon Cola Flavour MAX VG 50ml-50ml 0mg,0mg,DAVGLC00,4
Dripping Range Blackcurrant Lime Soda MAX VG 50ml-60ml 3mg inc VG Nicshot,0mg,DRVGBLS03VG,4
Vaptio Paragon Coils-Vaptio Paragon Strip Coil (0.15Ω),0mg,HWCOVAPAR15,4
Dainty's Nic Salts Cherry Lemonade 10ml-3mg,3mg,NSDAPGCL03,4
Eco Vape Premium Pink Lemonade V2 Flavour-18mg,18mg,PRPGPI18,4
Psycho Bunny Syrup Shot,0mg,PSDIYSY00,4
R Dainty's Premium Apple Pie 10ml-12mg,12mg,DAPGAPI12,3
R Dainty's Premium Blueberry 10ml-3mg,3mg,DAPGBB03,3
Dainty's Premium Blueberry Blackcurrant Menthol 50/50 80ML-100ml 3.6mg inc PG Nicshot,0mg,DAPGBBM10036PG,3
Dainty's Premium Blueberry Blackcurrant Menthol 50/50 80ML-90ml 2mg inc VG Nicshot,0mg,DAPGBBM902VG,3
Dainty's Bubblegum 10ml-3mg,3mg,DAPGBU03,3
R Dainty's Premium Cherry Cola 10ml-3mg,3mg,DAPGCC03,3
R Dainty's Premium Cherry 10ml-3mg,3mg,DAPGCH03,3
R Dainty's Premium Coffee 10ml-12mg,12mg,DAPGCO12,3
Dainty's Premium Heizenberg 50/50 80ML-110ml 4.9mg inc VG Nicshot,0mg,DAPGHB11049VG,3
Dainty's Premium Ice Mint 50/50 80ML-90ml 2mg inc VG Nicshot,0mg,DAPGIM902VG,3
Dainty's Jelly Babies 10ml-3mg,3mg,DAPGJB03,3
R Dainty's Premium Pineapple 10ml-12mg,12mg,DAPGPI12,3
R Dainty's Premium Pink Lemonade 10ml-0mg,0mg,DAPGPL00,3
Dainty's Premium Pink Lemonade 50/50 80ML-90ml 2mg inc VG Nicshot,0mg,DAPGPL902VG,3
Dainty's Premium Red Air 50/50 80ML-80ml 0mg,0mg,DAPGRA0,3
Dainty's Strawberry Cheesecake 10ml-6mg,6mg,DAPGSC06,3
Dainty's Strawberry Cheesecake Flavour MAX VG 50ml-50ml 0mg,0mg,DAVGSC00,3
Dripping Range Vampire Astaire Flavour 50/50-18mg,18mg,DRVAMPIR5050-18mg,3
Dripping Range Wolves Juice Flavour 50/50-6mg,6mg,DRWOLVES5050-6mg,3
Dainty's Nic Salts Pink Lemonade 10ml-12mg,12mg,NSDAPGPL12,3
Psycho Bunny Prism Flavour MAX VG 50ML-50ml 0mg,0mg,PSVGPR0,3
Dainty's Apple 10ml-0mg,0mg,DAPGAP00,2
R Dainty's Premium Apple Pie 10ml-6mg,6mg,DAPGAPI06,2
R Dainty's Premium Banana 10ml-12mg,12mg,DAPGBA12,2
R Dainty's Premium Blueberry 10ml-12mg,12mg,DAPGBB12,2
Dainty's Premium Blueberry Blackcurrant Menthol 50/50 80ML-110ml 4.9mg inc PG Nicshot,0mg,DAPGBBM11049PG,2
Dainty's Premium Blueberry Blackcurrant Menthol 50/50 80ML-110ml 4.9mg inc VG Nicshot,0mg,DAPGBBM11049VG,2
R Dainty's Premium Blackcurrant 10ml-12mg,12mg,DAPGBL12,2
R Dainty's Premium Cola 10ml-6mg,6mg,DAPGC06,2
R Dainty's Premium Cherry 10ml-12mg,12mg,DAPGCH12,2
Dainty's Cherry Menthol 10ml-6mg,6mg,DAPGCM06,2
R Dainty's Premium Foam Banana 10ml-3mg,3mg,DAPGFB03,2
Dainty's Premium Grape & Blackcurrant 50/50 80ML-100ml 3.6mg inc VG Nicshot,0mg,DAPGGB10036VG,2
R Dainty's Premium Grape & Blackcurrant 10ml-12mg,12mg,DAPGGB12,2
Dainty's Heisenberg 10ml-0mg,0mg,DAPGHB00,2
Dainty's Heisenberg 10ml-6mg,6mg,DAPGHB06,2
R Dainty's Premium Ice Mint 10ml-6mg,6mg,DAPGIM06,2
Dainty's Jelly Babies 10ml-12mg,12mg,DAPGJB12,2
R Dainty's Premium Melon 10ml-12mg,12mg,DAPGME12,2
Dainty's Premium Menthol 50/50 80ML-100ml 3.6mg inc PG Nicshot,0mg,DAPGMT10036PG,2
Dainty's Premium Menthol 50/50 80ML-110ml 4.9mg inc VG Nicshot,0mg,DAPGMT11049VG,2
R Dainty's Premium Menthol 10ml-12mg,12mg,DAPGMT12,2
Dainty's Premium Menthol 50/50 80ML-90ml 2mg inc VG Nicshot,0mg,DAPGMT902VG,2
Dainty's Premium Pink Lemonade 50/50 80ML-110ml 4.9mg inc PG Nicshot,0mg,DAPGPL11049PG,2
Dainty's Raspberry 10ml-6mg,6mg,DAPGRS06,2
Dainty's Premium RY4 Caramel Vanilla Tobacco 50/50 80ML-100ml 3.6mg inc PG Nicshot,0mg,DAPGRY10036PG,2
Dainty's Strawberry Cheesecake 10ml-12mg,12mg,DAPGSC12,2
R Dainty's Premium Tutti Fruity 10ml-3mg,3mg,DAPGTF03,2
Dainty's Premium Vanilla Ice Cream 50/50 80ML-80ml 0mg,0mg,DAPGVBI0,2
Dainty's Vanilla Cream Tobacco 50ml-50ml 0mg,0mg,DAVGVCT00,2
Dripping Range Liquid Do-Nuts Raspberry V2 Flavour 50/50-6mg,6mg,DRDONUTRASP5050-6mg,2
Dripping Range Pinkberg Flavour 50/50-6mg,6mg,DRPINKBERG5050-6mg,2
Dripping Range Blackcurrant Lime Soda MAX VG 50ml-50ml 0mg,0mg,DRVGBLS0,2
Dripping Range Heizen Blue Flavour MAX VG 50ml-60ml 3mg inc VG Nicshot,0mg,DRVGHBVG3,2
Samsung  30Q INR18650 3000mAh Battery,,HWACSAM30Q,2
SMOKJOY OPS-1 Replacement Pod -D POD,0mg,HWPOSJDP,2
Dainty's Nic Salts Cherry Lemonade 10ml-6mg,6mg,NSDAPGCL06,2
Dainty's Nic Salts RY4 10ml-6mg,6mg,NSDAPGRY06,2
Eco Vape Premium Blackcurrant V2 Flavour-3mg,3mg,PRPGBL3,2
Eco Vape Premium Rhubarb & Custard Flavour-6mg,6mg,PRPGRH6,2
Psycho Bunny Blue Retro Flavour MAX VG 50ML -60ml 3mg inc VG Nicshot,0mg,PSVGBL3VG,2
Psycho Bunny Twister 50ml -60ml 3mg inc VG Nicshot,0mg,PSVGTW3VG,2
Eco Vape Banana Milkshake V2 Flavour MAX VG 50ml-60ml 3mg inc VG Nicshot,0mg,BANMILKV2MAXVG50ML-60ml 3mg inc VG Nicshot,1
R Dainty's Premium Apple & Mango 10ml-12mg,12mg,DAPGAM12,1
R Dainty's Premium Apple & Mango 10ml-18mg,18mg,DAPGAM18,1
Dainty's Aniseed 10ml-12mg,12mg,DAPGAN12,1
Dainty's Apple 10ml-12mg,12mg,DAPGAP12,1
R Dainty's Premium Banana 10ml-18mg,18mg,DAPGBA18,1
R Dainty's Premium Blueberry 10ml-6mg,6mg,DAPGBB06,1
Dainty's Black Jack 10ml-0mg,0mg,DAPGBJ00,1
R Dainty's Premium Blackcurrant Menthol-6mg,6mg,DAPGBM06,1
Dainty's Bubblegum 10ml-18mg,18mg,DAPGBU18,1
R Dainty's Premium Cola 10ml-3mg,3mg,DAPGC03,1
R Dainty's Premium Cola 10ml-12mg,12mg,DAPGC12,1
R Dainty's Premium Cherry Cola 10ml-12mg,12mg,DAPGCC12,1
Dainty's Cherry Lemonade Flavour MAX VG 50ml-60ml 3mg inc PG Nicshot,0mg,DAPGCL60PG3,1
Dainty's Cherry Menthol Flavour MAX VG 50ml-60ml 3mg inc PG Nicshot,0mg,DAPGCM60PG3,1
R Dainty's Premium Coffee 10ml-18mg,18mg,DAPGCO18,1
Dainty's Premium Foam Banana 50/50 80ML-100ml 3.6mg inc VG Nicshot,0mg,DAPGFB10036VG,1
R Dainty's Premium Foam Banana 10ml-12mg,12mg,DAPGFB12,1
Dainty's Premium Foam Banana 50/50 80ML-90ml 2mg inc PG Nicshot,0mg,DAPGFB902PG,1
Dainty's Premium Grape & Blackcurrant 50/50 80ML-100ml 3.6mg inc PG Nicshot,0mg,DAPGGB10036PG,1
Dainty's Premium Grape & Blackcurrant 50/50 80ML-110ml 4.9mg inc PG Nicshot,0mg,DAPGGB11049PG,1
Dainty's Heisenberg 10ml-3mg,3mg,DAPGHB03,1
R Dainty's Premium Iron Brew 10ml-3mg,3mg,DAPGIB03,1
R Dainty's Premium Iron Brew 10ml-6mg,6mg,DAPGIB06,1
R Dainty's Premium Irish Cream 10ml-12mg,12mg,DAPGIC12,1
Dainty's Premium Ice Mint 50/50 80ML-100ml 3.6mg inc VG Nicshot,0mg,DAPGIM10036VG,1
Dainty's Premium Ice Mint 50/50 80ML-110ml 4.9mg inc PG Nicshot,0mg,DAPGIM11049PG,1
Dainty's Jelly Babies 10ml-6mg,6mg,DAPGJB06,1
R Dainty's Premium Key Lime Pie 10ml-6mg,6mg,DAPGKP06,1
R Dainty's Premium Key Lime Pie 10ml-12mg,12mg,DAPGKP12,1
Dainty's Lemon Cola Flavour MAX VG 50ml-60ml 3mg inc PG Nicshot,0mg,DAPGLC60PG3,1
R Dainty's Premium Mint Chocolate 10ml-12mg,12mg,DAPGMC12,1
R Dainty's Premium Pineapple 10ml-6mg,6mg,DAPGPI06,1
R Dainty's Premium Pink Lemonade 10ml-12mg,12mg,DAPGPL12,1
Dainty's Premium Red Air 50/50 80ML-100ml 3.6mg inc PG Nicshot,0mg,DAPGRA10036PG,1
R Dainty's Premium Red Air 10ml-12mg,12mg,DAPGRA12,1
Dainty's Raspberry 10ml-12mg,12mg,DAPGRS12,1
Dainty's Premium RY4 Caramel Vanilla Tobacco 50/50 80ML-110ml 4.9mg inc VG Nicshot,0mg,DAPGRY11049VG,1
R Dainty's Premium Strawberry 10ml-12mg,12mg,DAPGST12,1
R Dainty's Premium Tutti Fruity 10ml-12mg,12mg,DAPGTF12,1
R Dainty's Premium Vanilla Ice Cream 10ml-6mg,6mg,DAPGVBI06,1
Dainty's Premium Vanilla Ice Cream 50/50 80ML-90ml 2mg inc VG Nicshot,0mg,DAPGVBI902VG,1
Dainty's Apple Pie Flavours MAX VG 50ml-60ml 3mg inc VG Nicshot,0mg,DAVGAP60VG3,1
Dainty's Banana Cake Flavour MAX VG 50ml-60ml 3mg inc VG Nicshot,0mg,DAVGBC60VG3,1
Dainty's Strawberry Cheesecake Flavour MAX VG 50ml-60ml 3mg inc PG Nicshot,0mg,DAVGSC60PG3,1
Dainty's Special Menthol Flavours MAX VG 50ml-60ml 3mg inc VG Nicshot,0mg,DAVGSM60VG3,1
Dripping Range Blue Slush MAX VG 50ml-60ml 3mg inc VG Nicshot,0mg,DRBLUESLUSH50MAXVG-60ml 3mg inc VG Nicshot,1
Dripping Range Dragon Blood Flavour 50/50-6mg,6mg,DRDRAGBLOOD5050-6mg,1
Dripping Range Blueberg MAX VG 50ml-60ml 3mg inc VG Nicshot,0mg,DRPGBL60PG3,1
Dripping Range Blueberg MAX VG 50ml-60ml 3mg inc PG Nicshot,0mg,DRVGBL0,1
Vaptio Frogman Tank-Black,,FROGMANTANK-Black,1
Vaptio Solo F2 Coil-Vaptio Solo (Pack of 5) F2 X2 Coil (0.25Ω),0mg,HWCOVAF2X2,1
Vaptio Solo F2 AIO-Blue,,HWKIVAF2BLU,1
Vaptio Solo-Flat Replacement Pod Cartridge -Solo-Flat Pod (1.0Ω),0mg,HWPOVASF1,1
Award Winning Eco Vape Milfsmilk V2 Flavour MAX VG 50ml-60ml 3mg inc PG Nicshot,0mg,MILFSMILKMAXVG50ML-60ml 3mg inc PG Nicshot,1
Dainty's Nic Salts Apple & Mango 10ml-12mg,12mg,NSDAPGAM12,1
Dainty's Nic Salts Blueberry and Blackcurrant Menthol 10ml-18mg,18mg,NSDAPGBBM18,1
Dainty's Nic Salts Bubblegum Blast 10ml-6mg,6mg,NSDAPGBU06,1
Dainty's Nic Salts Bubblegum Blast 10ml-18mg,18mg,NSDAPGBU18,1
Dainty's Nic Salts Cherry Lemonade 10ml-12mg,12mg,NSDAPGCL12,1
Dainty's Nic Salts Grape and Blackcurrant 10ml-6mg,6mg,NSDAPGGB06,1
Dainty's Nic Salts Tobacco 10ml-6mg,6mg,NSDAPGTO06,1
Eco Vape Premium Apple & Mango V2 Flavour-18mg,18mg,PRPGAP18,1
Eco Vape Premium Cherry Menthol V2 Flavour-3mg,3mg,PRPGCM3,1
Eco Vape Premium Fruit Salad V2 Flavour-12mg,12mg,PRPGFR12,1
Eco Vape Premium Fruit Salad V2 Flavour-18mg,18mg,PRPGFR18,1
Eco Vape Premium Ice Mint Flavour-3mg,3mg,PRPGIC3,1
Eco Vape Premium Peach V2 Flavour-18mg,18mg,PRPGPE18,1
Eco Vape Premium Rhubarb & Custard Flavour-18mg,18mg,PRPGRH18,1
Eco Vape Premium Strawberry V2 Flavour-3mg,3mg,PRPGST3,1
Psycho Bunny Super Sweet Shot,18mg,PSDIYSU00,1
Psycho Bunny Cappuccino Flavour MAX VG 50ML -50ml 0mg,0mg,PSVGCA0,1
Psycho Bunny Grapegasm Flavour MAX VG 50ML -60ml 3mg inc VG Nicshot,0mg,PSVGGR3VG,1
Psycho Bunny Kush Cake Flavour MAX VG 50ML -60ml 3mg inc PG Nicshot,0mg,PSVGKC3PG,1
Psycho Bunny Melonade Flavour MAX VG 50ML-60ml 3mg inc VG Nicshot,0mg,PSVGME3VG,1
Psycho Bunny Prism Flavour MAX VG 50ML-60ml 3mg inc PG Nicshot,0mg,PSVGPR3PG,1
Psycho Bunny Prism Flavour MAX VG 50ML-60ml 3mg inc VG Nicshot,0mg,PSVGPR3VG,1
Psycho Bunny Yellow Mirage Flavour MAX VG 50ML-60ml 3mg inc PG Nicshot,0mg,PSVGYE3PG,1
